run_name,model,family,feature_variant,best_trial,best_objective,mean_fold_val_mae,mean_fold_val_rmse,combined_val_mae,combined_val_rmse,combined_val_r2,test_mae,test_rmse,test_r2,n_candidate_groups,n_candidate_features,n_selected_groups,n_selected_features,selected_groups_str,compute_device,hardware,n_trials,train_total_seconds,study_wall_seconds,per_trial_seconds,final_fit_seconds,ablation_mode,code_version,n_test_rows
lgbm_fs4_wp,lgbm,tree,fs4,80.0,12.365499271602793,12.207740703023939,17.664581099221326,12.207740703023939,18.484424867278484,0.7985789926357411,14.521775272514413,19.5319197411923,0.8850307247810106,71.0,233.0,35,115,"time__month_boundary_indicators, time__intraday_settlement_period_cyclical, time__intraday_day_progress_cyclical, time__weekly_calendar_cyclical, time__monthly_calendar_cyclical, time__annual_calendar_cyclical, price__price_neighbor_lags_7d, price__price_rolling_same_period_2d, price__price_rolling_same_period_3d, price__price_rolling_same_period_7d, price__price_daily_summary_lag_1d, price__price_daily_summary_lag_3d, price__neighbor_prices_lag_24h, price__price_neighbor_spreads_lag_24h, fundamentals__fund_wind_solar_fc, fundamentals__fund_residual_load_fc, fundamentals__fund_scheduled_exchanges, fundamentals__fund_net_imports, fundamentals__fund_load_lag_24h, fundamentals__fund_forecast_error_24h, fundamentals__fund_residual_load_rolling, fundamentals__fund_dk1_gen_fc, fundamentals__fund_neighbours_wind_solar_fc, fundamentals__fund_neighbours_gen_fc, fundamentals__fund_neighbours_residual_load_fc, fundamentals__fund_system_aggregates, fundamentals__fund_ttf_da, fundamentals__fund_eua_carbon, fundamentals__fund_nordic_hydro_levels, fundamentals__fund_hydro_regime_dev, fundamentals__fund_np_ida_capacity_ger, fundamentals__fund_np_intraday, weather__weather_wind100m_zones, weather__weather_wind_shear, weather__weather_solar",cpu,AMD EPYC-Genoa Processor (8 vCPU),100,1301.2585189701058,1309.2029349249788,13.012585189701058,2.6479278141632676,with_penalty,,2684.0
xgb_fs4_wp,xgb,tree,fs4,97.0,12.208090178750057,12.049988262531716,17.622268763138884,12.049988262531718,18.34882045745261,0.8015234595427526,15.111032038335917,19.948482929465893,0.8800744612128035,71.0,233.0,35,119,"time__intraday_position_raw, time__intraday_position_dst_aware, time__month_boundary_indicators, time__day_type_indicators, time__holiday_indicators, time__intraday_settlement_period_cyclical, time__intraday_day_progress_cyclical, time__minute_of_day_cyclical, time__monthly_calendar_cyclical, time__annual_calendar_cyclical, price__price_same_period_lags, price__price_neighbor_lags_7d, price__price_rolling_same_period_2d, price__price_daily_summary_lag_7d, price__neighbor_prices_lag_24h, price__price_neighbor_spreads_lag_168h, price__price_neighbor_spread_rolling_7d, fundamentals__fund_wind_solar_fc, fundamentals__fund_dk1_gen_fc, fundamentals__fund_neighbours_wind_solar_fc, fundamentals__fund_neighbours_gen_fc, fundamentals__fund_system_aggregates, fundamentals__fund_system_stress, fundamentals__fund_ttf_da, fundamentals__fund_np_da_volumes, fundamentals__fund_np_ida_volumes, fundamentals__fund_np_ida_capacity_dk2, fundamentals__fund_np_ida_capacity_nl, fundamentals__fund_np_ida_capacity_aggregates, fundamentals__fund_np_intraday, weather__weather_wind100m_bulk, weather__weather_wind10m, weather__weather_temperature, weather__weather_humidity, weather__weather_solar",cpu,AMD EPYC-Genoa Processor (8 vCPU),100,2543.2042500083335,2551.3403836237267,25.432042500083334,2.47221739590168,with_penalty,,2684.0
lgbm_fs4_np,lgbm,tree,fs4,73.0,12.184397605688536,12.184397605688536,17.664506031177694,12.184397605688536,18.995454539534396,0.787287868514449,15.142227584359684,20.019979975185052,0.8792132741936053,71.0,233.0,35,128,"time__intraday_position_raw, time__month_boundary_indicators, time__intraday_settlement_period_cyclical, time__intraday_day_progress_cyclical, time__annual_calendar_cyclical, price__price_neighbor_lags_3d, price__price_rolling_same_period_2d, price__price_rolling_same_period_3d, price__price_rolling_same_period_7d, price__price_daily_summary_lag_1d, price__price_daily_summary_lag_3d, price__price_daily_summary_lag_7d, price__neighbor_prices_lag_24h, price__price_neighbor_spreads_lag_24h, price__price_neighbor_spread_rolling_7d, fundamentals__fund_wind_solar_fc, fundamentals__fund_residual_load_fc, fundamentals__fund_scheduled_exchanges, fundamentals__fund_net_imports, fundamentals__fund_load_lag_24h, fundamentals__fund_dk1_gen_fc, fundamentals__fund_neighbours_load_fc, fundamentals__fund_neighbours_wind_solar_fc, fundamentals__fund_neighbours_gen_fc, fundamentals__fund_system_aggregates, fundamentals__fund_system_stress, fundamentals__fund_ttf_da, fundamentals__fund_eua_carbon, fundamentals__fund_nordic_hydro_levels, fundamentals__fund_np_ida_volumes, fundamentals__fund_np_ida_capacity_dk2, fundamentals__fund_np_ida_capacity_ger, weather__weather_wind100m_zones, weather__weather_wind10m, weather__weather_temperature",cpu,AMD EPYC-Genoa Processor (8 vCPU),100,2261.324429953005,2270.382181955967,22.613244299530052,4.531756822951138,no_penalty,,2684.0
xgb_fs4_np,xgb,tree,fs4,97.0,12.39247256448644,12.39247256448644,17.942687058374,12.39247256448644,18.478578634747095,0.7987063828939174,15.334676598877396,19.677789870038538,0.8833070635086951,71.0,233.0,34,104,"time__intraday_position_raw, time__weekly_calendar_raw, time__month_boundary_indicators, time__dst_indicators, time__intraday_settlement_period_cyclical, time__minute_of_day_cyclical, time__weekly_calendar_cyclical, price__price_neighbor_lags_2d, price__price_neighbor_lags_3d, price__price_rolling_same_period_7d, price__price_daily_summary_lag_2d, price__price_daily_summary_lag_3d, price__neighbor_prices_lag_168h, price__price_neighbor_spread_rolling_7d, fundamentals__fund_wind_solar_fc, fundamentals__fund_residual_load_fc, fundamentals__fund_load_lag_24h, fundamentals__fund_wind_solar_lag_24h, fundamentals__fund_dk1_gen_fc, fundamentals__fund_neighbours_gen_fc, fundamentals__fund_neighbours_residual_load_fc, fundamentals__fund_system_stress, fundamentals__fund_ttf_da, fundamentals__fund_eua_carbon, fundamentals__fund_hydro_regime_dev, fundamentals__fund_np_da_volumes, fundamentals__fund_np_ida_volumes, fundamentals__fund_np_ida_capacity_aggregates, weather__weather_wind100m_bulk, weather__weather_wind100m_zones, weather__weather_wind10m, weather__weather_wind_shear, weather__weather_temperature, weather__weather_pressure",cpu,AMD EPYC-Genoa Processor (8 vCPU),100,2679.7375370031223,2687.1640861677006,26.797375370031222,3.15798879833892,no_penalty,,2684.0
catboost_fs4_wp,catboost,tree,fs4,97.0,12.017369177646673,11.890904812053975,17.345879335813592,11.890904812053975,18.682592848949533,0.7942370500149125,15.412361378065064,20.592935947647714,0.8722007018543911,71.0,233.0,28,95,"time__intraday_position_raw, time__weekly_calendar_raw, time__intraday_settlement_period_cyclical, time__intraday_day_progress_cyclical, time__annual_calendar_cyclical, price__price_neighbor_lags_3d, price__price_neighbor_lags_7d, price__price_rolling_same_period_2d, price__price_rolling_same_period_3d, price__price_rolling_same_period_7d, price__neighbor_prices_lag_24h, price__price_neighbor_spread_rolling_7d, fundamentals__fund_wind_solar_fc, fundamentals__fund_residual_load_fc, fundamentals__fund_net_imports, fundamentals__fund_forecast_error_24h, fundamentals__fund_dk1_gen_fc, fundamentals__fund_neighbours_wind_solar_fc, fundamentals__fund_neighbours_gen_fc, fundamentals__fund_system_aggregates, fundamentals__fund_system_stress, fundamentals__fund_ttf_da, fundamentals__fund_hydro_regime_dev, fundamentals__fund_np_da_volumes, fundamentals__fund_np_ida_volumes, fundamentals__fund_np_ida_capacity_nl, weather__weather_wind100m_zones, weather__weather_forecast_error_24h",cpu,AMD EPYC-Genoa Processor (8 vCPU),100,3473.2649803608656,3475.5382474712096,34.73264980360866,4.858523195143789,with_penalty,,2684.0
catboost_fs4_np,catboost,tree,fs4,79.0,12.236441432158998,12.236441432158998,17.414902833291475,12.236441432158998,18.83484106695367,0.790869777825749,15.487377557268974,20.54613563718595,0.872780925137258,71.0,233.0,33,110,"time__intraday_position_raw, time__weekly_calendar_raw, time__intraday_settlement_period_cyclical, time__intraday_day_progress_cyclical, time__annual_calendar_cyclical, price__price_neighbor_lags_1d, price__price_neighbor_lags_2d, price__price_neighbor_lags_3d, price__price_rolling_same_period_2d, price__price_rolling_same_period_3d, price__price_rolling_same_period_7d, price__neighbor_prices_lag_24h, price__neighbor_prices_lag_168h, price__price_neighbor_spreads_lag_24h, price__price_neighbor_spread_rolling_7d, fundamentals__fund_load_fc, fundamentals__fund_wind_solar_fc, fundamentals__fund_net_imports, fundamentals__fund_forecast_error_24h, fundamentals__fund_dk1_gen_fc, fundamentals__fund_neighbours_wind_solar_fc, fundamentals__fund_neighbours_gen_fc, fundamentals__fund_system_aggregates, fundamentals__fund_ttf_da, fundamentals__fund_eua_carbon, fundamentals__fund_hydro_regime_dev, fundamentals__fund_np_da_volumes, fundamentals__fund_np_ida_capacity_dk2, fundamentals__fund_np_ida_capacity_nl, fundamentals__fund_np_intraday, weather__weather_wind100m_zones, weather__weather_solar, weather__weather_forecast_error_24h",cpu,AMD EPYC-Genoa Processor (8 vCPU),100,3375.1313319620676,3376.124717429746,33.75131331962068,6.551230225712061,no_penalty,,2684.0
xgb_fs3_np,xgb,tree,fs3,63.0,12.14352235341884,12.14352235341884,17.345737299676312,12.143522353418842,18.032790191705327,0.8083014893946816,15.706651977796135,20.02807827895106,0.8791155352910179,61.0,209.0,29,93,"time__intraday_position_raw, time__intraday_position_dst_aware, time__month_boundary_indicators, time__day_type_indicators, time__dst_indicators, time__intraday_settlement_period_cyclical, time__minute_of_day_cyclical, time__monthly_calendar_cyclical, price__price_neighbor_lags_1d, price__price_neighbor_lags_7d, price__price_rolling_same_period_2d, price__price_rolling_same_period_7d, price__neighbor_prices_lag_24h, price__price_neighbor_spreads_lag_24h, price__price_neighbor_spreads_lag_168h, price__price_dst_imputation_indicator, fundamentals__fund_load_fc, fundamentals__fund_wind_solar_fc, fundamentals__fund_residual_load_fc, fundamentals__fund_net_imports, fundamentals__fund_wind_solar_lag_24h, fundamentals__fund_dk1_gen_fc, fundamentals__fund_neighbours_wind_solar_fc, fundamentals__fund_neighbours_gen_fc, fundamentals__fund_system_aggregates, fundamentals__fund_system_stress, fundamentals__fund_nordic_hydro_levels, fundamentals__fund_np_ida_capacity_dk2, fundamentals__fund_np_ida_capacity_nl",cpu,AMD EPYC-Genoa Processor (8 vCPU),100,2294.609413646627,2300.2723207720555,22.94609413646627,3.9286705814301968,no_penalty,,2684.0
hgbt_fs4_np,hgbt,tree,fs4,60.0,12.353425110479378,12.353425110479378,17.689460085418126,12.35342511047938,18.736325820503314,0.7930517590582415,16.04392002337558,20.826682538007976,0.8692829838835524,71.0,233.0,37,130,"time__weekly_calendar_raw, time__dst_indicators, time__intraday_day_progress_cyclical, time__minute_of_day_cyclical, time__annual_calendar_cyclical, time__auction_horizon, price__price_same_period_lags, price__price_neighbor_lags_2d, price__price_neighbor_lags_3d, price__price_rolling_same_period_7d, price__price_daily_summary_lag_1d, price__price_daily_summary_lag_2d, price__price_daily_summary_lag_3d, price__neighbor_prices_lag_168h, price__price_neighbor_spreads_lag_168h, price__price_neighbor_spread_rolling_7d, fundamentals__fund_load_fc, fundamentals__fund_wind_solar_fc, fundamentals__fund_residual_load_fc, fundamentals__fund_load_lag_24h, fundamentals__fund_residual_load_rolling, fundamentals__fund_neighbours_load_fc, fundamentals__fund_neighbours_wind_solar_fc, fundamentals__fund_neighbours_gen_fc, fundamentals__fund_neighbours_residual_load_fc, fundamentals__fund_system_aggregates, fundamentals__fund_nordic_hydro_aggregates, fundamentals__fund_np_da_volumes, fundamentals__fund_np_ida_capacity_ger, fundamentals__fund_np_ida_capacity_nl, fundamentals__fund_np_ida_capacity_aggregates, fundamentals__fund_np_intraday, weather__weather_wind100m_bulk, weather__weather_wind100m_zones, weather__weather_wind10m, weather__weather_wind_shear, weather__weather_pressure",cpu,AMD EPYC-Genoa Processor (8 vCPU),100,2621.1984274368733,2629.4694753079675,26.21198427436873,7.017086536157876,no_penalty,,2684.0
hgbt_fs4_wp,hgbt,tree,fs4,60.0,12.520921936931654,12.353425110479378,17.689460085418126,12.35342511047938,18.736325820503314,0.7930517590582415,16.04392002337558,20.826682538007976,0.8692829838835524,71.0,233.0,37,130,"time__weekly_calendar_raw, time__dst_indicators, time__intraday_day_progress_cyclical, time__minute_of_day_cyclical, time__annual_calendar_cyclical, time__auction_horizon, price__price_same_period_lags, price__price_neighbor_lags_2d, price__price_neighbor_lags_3d, price__price_rolling_same_period_7d, price__price_daily_summary_lag_1d, price__price_daily_summary_lag_2d, price__price_daily_summary_lag_3d, price__neighbor_prices_lag_168h, price__price_neighbor_spreads_lag_168h, price__price_neighbor_spread_rolling_7d, fundamentals__fund_load_fc, fundamentals__fund_wind_solar_fc, fundamentals__fund_residual_load_fc, fundamentals__fund_load_lag_24h, fundamentals__fund_residual_load_rolling, fundamentals__fund_neighbours_load_fc, fundamentals__fund_neighbours_wind_solar_fc, fundamentals__fund_neighbours_gen_fc, fundamentals__fund_neighbours_residual_load_fc, fundamentals__fund_system_aggregates, fundamentals__fund_nordic_hydro_aggregates, fundamentals__fund_np_da_volumes, fundamentals__fund_np_ida_capacity_ger, fundamentals__fund_np_ida_capacity_nl, fundamentals__fund_np_ida_capacity_aggregates, fundamentals__fund_np_intraday, weather__weather_wind100m_bulk, weather__weather_wind100m_zones, weather__weather_wind10m, weather__weather_wind_shear, weather__weather_pressure",cpu,AMD EPYC-Genoa Processor (8 vCPU),100,2600.473205862567,2608.8297752137296,26.004732058625667,6.745117436628789,with_penalty,,2684.0
lasso_fs3_wp,lasso,linear,fs3,92.0,14.450065154639253,14.319363138794873,20.225147901507484,14.319363138794873,20.767036017053222,0.7457611523944072,16.276391187023535,22.08397754840757,0.8530239656265948,61.0,209.0,25,81,"time__intraday_position_dst_aware, time__weekly_calendar_raw, time__dst_indicators, time__intraday_day_progress_cyclical, time__annual_calendar_cyclical, price__price_neighbor_lags_3d, price__price_neighbor_lags_7d, price__price_rolling_same_period_7d, price__price_daily_summary_lag_1d, price__price_daily_summary_lag_2d, price__neighbor_prices_lag_24h, price__price_dst_imputation_indicator, fundamentals__fund_wind_solar_fc, fundamentals__fund_residual_load_fc, fundamentals__fund_dk1_gen_fc, fundamentals__fund_neighbours_gen_fc, fundamentals__fund_neighbours_residual_load_fc, fundamentals__fund_system_stress, fundamentals__fund_ttf_da, fundamentals__fund_eua_carbon, fundamentals__fund_nordic_hydro_levels, fundamentals__fund_np_ida_volumes, fundamentals__fund_np_ida_capacity_ger, fundamentals__fund_np_ida_capacity_aggregates, fundamentals__fund_np_intraday",cpu,AMD EPYC-Genoa Processor (8 vCPU),100,4265.075077781454,4285.854900763836,42.65075077781454,2.7009314936585724,with_penalty,,2684.0
enet_fs3_np,enet,linear,fs3,59.0,13.551802651634219,13.551802651634219,19.47806442976082,13.55180265163422,19.90747920980249,0.7663717150885537,16.37869260268894,21.786534340641317,0.856956465246927,61.0,209.0,32,109,"time__intraday_position_raw, time__annual_calendar_raw, time__month_boundary_indicators, time__day_type_indicators, time__dst_indicators, time__minute_of_day_cyclical, time__weekly_calendar_cyclical, price__price_neighbor_lags_2d, price__price_neighbor_lags_3d, price__price_neighbor_lags_7d, price__price_rolling_same_period_3d, price__price_rolling_same_period_7d, price__price_daily_summary_lag_3d, price__price_daily_summary_lag_7d, price__neighbor_prices_lag_168h, price__price_neighbor_spread_rolling_7d, fundamentals__fund_wind_solar_fc, fundamentals__fund_residual_load_fc, fundamentals__fund_net_imports, fundamentals__fund_load_lag_24h, fundamentals__fund_forecast_error_24h, fundamentals__fund_dk1_gen_fc, fundamentals__fund_neighbours_wind_solar_fc, fundamentals__fund_neighbours_gen_fc, fundamentals__fund_neighbours_residual_load_fc, fundamentals__fund_ttf_da, fundamentals__fund_eua_carbon, fundamentals__fund_nordic_hydro_aggregates, fundamentals__fund_hydro_regime_dev, fundamentals__fund_np_da_volumes, fundamentals__fund_np_ida_capacity_dk2, fundamentals__fund_np_intraday",cpu,AMD EPYC-Genoa Processor (8 vCPU),100,4173.9312049001455,4187.971470423043,41.739312049001455,8.301582378335297,no_penalty,,2684.0
lgbm_fs3_np,lgbm,tree,fs3,93.0,12.577321746794182,12.577321746794182,18.053393105315784,12.577321746794182,19.72923926007123,0.7705365291984096,16.777598992564606,21.564300732323588,0.8598598135329103,61.0,209.0,34,122,"time__weekly_calendar_raw, time__annual_calendar_raw, time__month_boundary_indicators, time__dst_indicators, time__weekly_calendar_cyclical, time__annual_calendar_cyclical, time__auction_horizon, price__price_same_period_lags, price__price_neighbor_lags_1d, price__price_neighbor_lags_2d, price__price_rolling_same_period_2d, price__price_rolling_same_period_3d, price__price_rolling_same_period_7d, price__price_daily_summary_lag_1d, price__price_daily_summary_lag_2d, price__neighbor_prices_lag_168h, price__price_neighbor_spreads_lag_24h, price__price_neighbor_spreads_lag_168h, price__price_neighbor_spread_rolling_7d, price__price_dst_imputation_indicator, fundamentals__fund_load_fc, fundamentals__fund_wind_solar_fc, fundamentals__fund_residual_load_fc, fundamentals__fund_scheduled_exchanges, fundamentals__fund_net_imports, fundamentals__fund_wind_solar_lag_24h, fundamentals__fund_forecast_error_24h, fundamentals__fund_dk1_gen_fc, fundamentals__fund_neighbours_wind_solar_fc, fundamentals__fund_neighbours_gen_fc, fundamentals__fund_system_aggregates, fundamentals__fund_nordic_hydro_levels, fundamentals__fund_hydro_regime_dev, fundamentals__fund_np_intraday",cpu,AMD EPYC-Genoa Processor (8 vCPU),100,1563.0389189366251,1570.168734475039,15.630389189366252,3.8956341138109565,no_penalty,,2684.0
xgb_fs3_wp,xgb,tree,fs3,99.0,12.475707066322355,12.339799936351378,17.56089441627721,12.339799936351374,18.792312411761568,0.7918131344295147,16.871309189582313,21.092674427566283,0.8659227079766684,61.0,209.0,26,84,"time__intraday_position_raw, time__intraday_position_dst_aware, time__annual_calendar_raw, time__month_boundary_indicators, time__holiday_indicators, time__dst_indicators, time__intraday_settlement_period_cyclical, time__weekly_calendar_cyclical, price__price_neighbor_lags_1d, price__price_neighbor_lags_7d, price__price_rolling_same_period_7d, price__neighbor_prices_lag_24h, price__price_neighbor_spreads_lag_24h, price__price_neighbor_spreads_lag_168h, price__price_neighbor_spread_rolling_7d, fundamentals__fund_residual_load_fc, fundamentals__fund_net_imports, fundamentals__fund_wind_solar_lag_24h, fundamentals__fund_dk1_gen_fc, fundamentals__fund_neighbours_wind_solar_fc, fundamentals__fund_neighbours_gen_fc, fundamentals__fund_system_aggregates, fundamentals__fund_system_stress, fundamentals__fund_eua_carbon, fundamentals__fund_nordic_hydro_levels, fundamentals__fund_np_ida_capacity_dk2",cpu,AMD EPYC-Genoa Processor (8 vCPU),100,3906.079781211447,3901.813943108078,39.06079781211447,15.289077479857951,with_penalty,,2684.0
ridge_fs4_np,ridge,linear,fs4,82.0,13.423265541909137,13.423265541909137,19.3747367405576,13.423265541909135,20.000404711985475,0.7641855321724131,16.97663187011079,22.767093309999737,0.8437906208188877,71.0,233.0,39,126,"time__intraday_position_raw, time__intraday_position_dst_aware, time__weekly_calendar_raw, time__day_type_indicators, time__dst_indicators, time__intraday_settlement_period_cyclical, time__weekly_calendar_cyclical, time__auction_horizon, price__price_same_period_lags, price__price_neighbor_lags_1d, price__price_neighbor_lags_2d, price__price_neighbor_lags_7d, price__price_rolling_same_period_7d, price__price_daily_summary_lag_1d, price__price_daily_summary_lag_3d, price__neighbor_prices_lag_24h, price__neighbor_prices_lag_168h, price__price_neighbor_spreads_lag_168h, price__price_neighbor_spread_rolling_7d, price__price_dst_imputation_indicator, fundamentals__fund_residual_load_fc, fundamentals__fund_net_imports, fundamentals__fund_wind_solar_lag_24h, fundamentals__fund_residual_load_rolling, fundamentals__fund_neighbours_wind_solar_fc, fundamentals__fund_neighbours_gen_fc, fundamentals__fund_neighbours_residual_load_fc, fundamentals__fund_system_aggregates, fundamentals__fund_system_stress, fundamentals__fund_ttf_da, fundamentals__fund_eua_carbon, fundamentals__fund_nordic_hydro_levels, fundamentals__fund_nordic_hydro_aggregates, fundamentals__fund_np_ida_volumes, fundamentals__fund_np_ida_capacity_aggregates, fundamentals__fund_np_intraday, weather__weather_wind100m_zones, weather__weather_solar, weather__weather_pressure",cpu,AMD EPYC-Genoa Processor (8 vCPU),100,45.41374126356095,64.84321782598272,0.4541374126356095,0.10050052776932716,no_penalty,,2684.0
ridge_fs4_wp,ridge,linear,fs4,82.0,13.59886972494728,13.423265541909137,19.3747367405576,13.423265541909135,20.000404711985475,0.7641855321724131,16.97663187011079,22.767093309999737,0.8437906208188877,71.0,233.0,39,126,"time__intraday_position_raw, time__intraday_position_dst_aware, time__weekly_calendar_raw, time__day_type_indicators, time__dst_indicators, time__intraday_settlement_period_cyclical, time__weekly_calendar_cyclical, time__auction_horizon, price__price_same_period_lags, price__price_neighbor_lags_1d, price__price_neighbor_lags_2d, price__price_neighbor_lags_7d, price__price_rolling_same_period_7d, price__price_daily_summary_lag_1d, price__price_daily_summary_lag_3d, price__neighbor_prices_lag_24h, price__neighbor_prices_lag_168h, price__price_neighbor_spreads_lag_168h, price__price_neighbor_spread_rolling_7d, price__price_dst_imputation_indicator, fundamentals__fund_residual_load_fc, fundamentals__fund_net_imports, fundamentals__fund_wind_solar_lag_24h, fundamentals__fund_residual_load_rolling, fundamentals__fund_neighbours_wind_solar_fc, fundamentals__fund_neighbours_gen_fc, fundamentals__fund_neighbours_residual_load_fc, fundamentals__fund_system_aggregates, fundamentals__fund_system_stress, fundamentals__fund_ttf_da, fundamentals__fund_eua_carbon, fundamentals__fund_nordic_hydro_levels, fundamentals__fund_nordic_hydro_aggregates, fundamentals__fund_np_ida_volumes, fundamentals__fund_np_ida_capacity_aggregates, fundamentals__fund_np_intraday, weather__weather_wind100m_zones, weather__weather_solar, weather__weather_pressure",cpu,AMD EPYC-Genoa Processor (8 vCPU),100,45.075999847613275,65.46988523984328,0.45075999847613274,0.10229554772377014,with_penalty,,2684.0
hgbt_fs3_np,hgbt,tree,fs3,89.0,12.279019799540347,12.279019799540347,17.386584304354766,12.27901979954035,18.91882795814425,0.7890005443537804,17.024182053417423,22.00404666730653,0.8540859721106399,61.0,209.0,29,102,"time__intraday_position_raw, time__intraday_position_dst_aware, time__annual_calendar_raw, time__month_boundary_indicators, time__holiday_indicators, time__weekly_calendar_cyclical, time__annual_calendar_cyclical, time__auction_horizon, price__price_neighbor_lags_1d, price__price_neighbor_lags_7d, price__price_rolling_same_period_2d, price__price_rolling_same_period_7d, price__price_daily_summary_lag_1d, price__neighbor_prices_lag_24h, price__price_neighbor_spreads_lag_24h, price__price_neighbor_spreads_lag_168h, price__price_neighbor_spread_rolling_7d, fundamentals__fund_load_fc, fundamentals__fund_scheduled_exchanges, fundamentals__fund_forecast_error_24h, fundamentals__fund_neighbours_load_fc, fundamentals__fund_neighbours_gen_fc, fundamentals__fund_neighbours_residual_load_fc, fundamentals__fund_system_aggregates, fundamentals__fund_system_stress, fundamentals__fund_nordic_hydro_levels, fundamentals__fund_np_ida_capacity_dk2, fundamentals__fund_np_ida_capacity_nl, fundamentals__fund_np_intraday",cpu,AMD EPYC-Genoa Processor (8 vCPU),100,3133.9115525595844,3148.5946534117684,31.339115525595844,3.367308503948152,no_penalty,,2684.0
hgbt_fs3_wp,hgbt,tree,fs3,89.0,12.431403515910258,12.279019799540347,17.386584304354766,12.27901979954035,18.91882795814425,0.7890005443537804,17.024182053417423,22.00404666730653,0.8540859721106399,61.0,209.0,29,102,"time__intraday_position_raw, time__intraday_position_dst_aware, time__annual_calendar_raw, time__month_boundary_indicators, time__holiday_indicators, time__weekly_calendar_cyclical, time__annual_calendar_cyclical, time__auction_horizon, price__price_neighbor_lags_1d, price__price_neighbor_lags_7d, price__price_rolling_same_period_2d, price__price_rolling_same_period_7d, price__price_daily_summary_lag_1d, price__neighbor_prices_lag_24h, price__price_neighbor_spreads_lag_24h, price__price_neighbor_spreads_lag_168h, price__price_neighbor_spread_rolling_7d, fundamentals__fund_load_fc, fundamentals__fund_scheduled_exchanges, fundamentals__fund_forecast_error_24h, fundamentals__fund_neighbours_load_fc, fundamentals__fund_neighbours_gen_fc, fundamentals__fund_neighbours_residual_load_fc, fundamentals__fund_system_aggregates, fundamentals__fund_system_stress, fundamentals__fund_nordic_hydro_levels, fundamentals__fund_np_ida_capacity_dk2, fundamentals__fund_np_ida_capacity_nl, fundamentals__fund_np_intraday",cpu,AMD EPYC-Genoa Processor (8 vCPU),100,3116.8513137488626,3131.260485359933,31.168513137488628,3.5150251579470932,with_penalty,,2684.0
enet_fs4_wp,enet,linear,fs4,83.0,13.782667564038782,13.643612979017927,19.567914269092533,13.643612979017927,20.23951970417972,0.7585132628649263,17.118148049205566,22.487301884670874,0.8476064339415162,71.0,233.0,31,94,"time__intraday_position_raw, time__intraday_position_dst_aware, time__month_boundary_indicators, time__day_type_indicators, time__holiday_indicators, time__intraday_day_progress_cyclical, time__weekly_calendar_cyclical, time__monthly_calendar_cyclical, time__annual_calendar_cyclical, time__auction_horizon, price__price_neighbor_lags_3d, price__price_neighbor_lags_7d, price__price_daily_summary_lag_7d, price__neighbor_prices_lag_24h, price__neighbor_prices_lag_168h, price__price_neighbor_spreads_lag_24h, price__price_neighbor_spreads_lag_168h, fundamentals__fund_load_fc, fundamentals__fund_wind_solar_fc, fundamentals__fund_load_lag_24h, fundamentals__fund_dk1_gen_fc, fundamentals__fund_neighbours_load_fc, fundamentals__fund_neighbours_wind_solar_fc, fundamentals__fund_neighbours_residual_load_fc, fundamentals__fund_system_stress, fundamentals__fund_ttf_da, fundamentals__fund_eua_carbon, fundamentals__fund_nordic_hydro_levels, fundamentals__fund_np_ida_capacity_ger, weather__weather_wind100m_bulk, weather__weather_pressure",cpu,AMD EPYC-Genoa Processor (8 vCPU),100,4638.128488837741,4660.74998644786,46.381284888377415,2.106705892831087,with_penalty,,2684.0
enet_fs3_wp,enet,linear,fs3,54.0,14.09422720828668,13.930572019644433,20.103286055798765,13.930572019644433,20.5792772275926,0.7503376152967832,17.121180406252385,22.270684568221537,0.8505282686463548,61.0,209.0,31,117,"time__annual_calendar_raw, time__month_boundary_indicators, time__day_type_indicators, time__dst_indicators, price__price_neighbor_lags_2d, price__price_neighbor_lags_3d, price__price_neighbor_lags_7d, price__price_rolling_same_period_3d, price__price_rolling_same_period_7d, price__price_daily_summary_lag_2d, price__price_daily_summary_lag_3d, price__price_daily_summary_lag_7d, price__neighbor_prices_lag_168h, price__price_neighbor_spreads_lag_168h, price__price_neighbor_spread_rolling_7d, fundamentals__fund_residual_load_fc, fundamentals__fund_net_imports, fundamentals__fund_load_lag_24h, fundamentals__fund_forecast_error_24h, fundamentals__fund_dk1_gen_fc, fundamentals__fund_neighbours_wind_solar_fc, fundamentals__fund_neighbours_gen_fc, fundamentals__fund_neighbours_residual_load_fc, fundamentals__fund_ttf_da, fundamentals__fund_eua_carbon, fundamentals__fund_hydro_regime_dev, fundamentals__fund_np_da_volumes, fundamentals__fund_np_ida_capacity_dk2, fundamentals__fund_np_ida_capacity_nl, fundamentals__fund_np_ida_capacity_aggregates, fundamentals__fund_np_intraday",cpu,AMD EPYC-Genoa Processor (8 vCPU),100,2593.2439928967506,2612.061016122345,25.932439928967504,1.3098870408721268,with_penalty,,2684.0
enet_fs4_np,enet,linear,fs4,95.0,13.753204377356052,13.753204377356052,19.62923367891984,13.753204377356052,20.316321527916884,0.7566770719839954,17.566960547927764,23.069194161598645,0.8396175734405597,71.0,233.0,34,97,"time__intraday_position_raw, time__intraday_position_dst_aware, time__weekly_calendar_raw, time__month_boundary_indicators, time__day_type_indicators, time__holiday_indicators, time__intraday_day_progress_cyclical, time__weekly_calendar_cyclical, time__monthly_calendar_cyclical, time__annual_calendar_cyclical, time__auction_horizon, price__price_neighbor_lags_2d, price__price_neighbor_lags_3d, price__price_neighbor_lags_7d, price__neighbor_prices_lag_24h, price__neighbor_prices_lag_168h, price__price_neighbor_spreads_lag_24h, price__price_neighbor_spreads_lag_168h, fundamentals__fund_load_fc, fundamentals__fund_wind_solar_fc, fundamentals__fund_residual_load_fc, fundamentals__fund_load_lag_24h, fundamentals__fund_dk1_gen_fc, fundamentals__fund_neighbours_load_fc, fundamentals__fund_neighbours_wind_solar_fc, fundamentals__fund_neighbours_residual_load_fc, fundamentals__fund_system_stress, fundamentals__fund_ttf_da, fundamentals__fund_eua_carbon, fundamentals__fund_nordic_hydro_levels, fundamentals__fund_np_ida_capacity_ger, weather__weather_wind100m_bulk, weather__weather_pressure, weather__weather_forecast_error_24h",cpu,AMD EPYC-Genoa Processor (8 vCPU),100,3671.31867376389,3693.4846888831817,36.7131867376389,1.593996335286647,no_penalty,,2684.0
lgbm_fs3_wp,lgbm,tree,fs3,93.0,12.839519252853203,12.681739034796884,17.84825394539853,12.681739034796884,19.63349014397865,0.7727583695878378,18.11459180772105,22.89256120630713,0.8420641582424478,61.0,209.0,30,107,"time__intraday_position_raw, time__weekly_calendar_raw, time__month_boundary_indicators, time__holiday_indicators, time__dst_indicators, price__price_same_period_lags, price__price_neighbor_lags_1d, price__price_rolling_same_period_2d, price__price_rolling_same_period_3d, price__price_rolling_same_period_7d, price__price_daily_summary_lag_1d, price__price_daily_summary_lag_2d, price__neighbor_prices_lag_168h, price__price_neighbor_spreads_lag_24h, price__price_neighbor_spread_rolling_7d, price__price_dst_imputation_indicator, fundamentals__fund_load_fc, fundamentals__fund_wind_solar_fc, fundamentals__fund_residual_load_fc, fundamentals__fund_scheduled_exchanges, fundamentals__fund_net_imports, fundamentals__fund_wind_solar_lag_24h, fundamentals__fund_dk1_gen_fc, fundamentals__fund_neighbours_gen_fc, fundamentals__fund_system_aggregates, fundamentals__fund_ttf_da, fundamentals__fund_hydro_regime_dev, fundamentals__fund_np_ida_volumes, fundamentals__fund_np_ida_capacity_nl, fundamentals__fund_np_intraday",cpu,AMD EPYC-Genoa Processor (8 vCPU),100,1514.5565724945627,1521.4627520018257,15.145565724945627,4.210254166275263,with_penalty,,2684.0
ridge_fs3_np,ridge,linear,fs3,99.0,13.532667294419065,13.532667294419065,19.72642131995655,13.532667294419067,20.395899367826253,0.7547671755419347,18.11537918780246,23.65722762298833,0.8313370746868363,61.0,209.0,30,104,"time__intraday_position_raw, time__weekly_calendar_raw, time__annual_calendar_raw, time__day_type_indicators, time__holiday_indicators, time__monthly_calendar_cyclical, time__auction_horizon, price__price_same_period_lags, price__price_neighbor_lags_2d, price__price_neighbor_lags_3d, price__price_neighbor_lags_7d, price__price_rolling_same_period_7d, price__price_daily_summary_lag_3d, price__price_neighbor_spreads_lag_168h, price__price_neighbor_spread_rolling_7d, fundamentals__fund_residual_load_fc, fundamentals__fund_load_lag_24h, fundamentals__fund_wind_solar_lag_24h, fundamentals__fund_residual_load_rolling, fundamentals__fund_dk1_gen_fc, fundamentals__fund_neighbours_wind_solar_fc, fundamentals__fund_neighbours_gen_fc, fundamentals__fund_system_aggregates, fundamentals__fund_system_stress, fundamentals__fund_ttf_da, fundamentals__fund_np_da_volumes, fundamentals__fund_np_ida_capacity_ger, fundamentals__fund_np_ida_capacity_nl, fundamentals__fund_np_ida_capacity_aggregates, fundamentals__fund_np_intraday",cpu,AMD EPYC-Genoa Processor (8 vCPU),100,40.34492555493489,60.08581296214834,0.4034492555493489,0.09038604609668255,no_penalty,,2684.0
ridge_fs3_wp,ridge,linear,fs3,99.0,13.69016043113567,13.532667294419065,19.72642131995655,13.532667294419067,20.395899367826253,0.7547671755419347,18.11537918780246,23.65722762298833,0.8313370746868363,61.0,209.0,30,104,"time__intraday_position_raw, time__weekly_calendar_raw, time__annual_calendar_raw, time__day_type_indicators, time__holiday_indicators, time__monthly_calendar_cyclical, time__auction_horizon, price__price_same_period_lags, price__price_neighbor_lags_2d, price__price_neighbor_lags_3d, price__price_neighbor_lags_7d, price__price_rolling_same_period_7d, price__price_daily_summary_lag_3d, price__price_neighbor_spreads_lag_168h, price__price_neighbor_spread_rolling_7d, fundamentals__fund_residual_load_fc, fundamentals__fund_load_lag_24h, fundamentals__fund_wind_solar_lag_24h, fundamentals__fund_residual_load_rolling, fundamentals__fund_dk1_gen_fc, fundamentals__fund_neighbours_wind_solar_fc, fundamentals__fund_neighbours_gen_fc, fundamentals__fund_system_aggregates, fundamentals__fund_system_stress, fundamentals__fund_ttf_da, fundamentals__fund_np_da_volumes, fundamentals__fund_np_ida_capacity_ger, fundamentals__fund_np_ida_capacity_nl, fundamentals__fund_np_ida_capacity_aggregates, fundamentals__fund_np_intraday",cpu,AMD EPYC-Genoa Processor (8 vCPU),100,40.856662474107,59.938241513911635,0.40856662474107,0.11740661831572652,with_penalty,,2684.0
rf_fs4_np,rf,tree,fs4,81.0,13.168199627753916,13.168199627753916,17.976580488286068,13.168199627753916,19.121343983988005,0.7844590921627206,18.329800603691623,22.36120229907847,0.8493107634112843,71.0,233.0,36,116,"time__intraday_position_dst_aware, time__weekly_calendar_raw, time__annual_calendar_raw, time__month_boundary_indicators, time__day_type_indicators, time__intraday_settlement_period_cyclical, time__minute_of_day_cyclical, time__weekly_calendar_cyclical, time__annual_calendar_cyclical, time__auction_horizon, price__price_neighbor_lags_1d, price__price_neighbor_lags_2d, price__price_rolling_same_period_2d, price__price_rolling_same_period_3d, price__price_rolling_same_period_7d, price__price_daily_summary_lag_1d, price__price_daily_summary_lag_3d, price__price_daily_summary_lag_7d, price__price_neighbor_spread_rolling_7d, price__price_dst_imputation_indicator, fundamentals__fund_wind_solar_fc, fundamentals__fund_residual_load_fc, fundamentals__fund_scheduled_exchanges, fundamentals__fund_load_lag_24h, fundamentals__fund_dk1_gen_fc, fundamentals__fund_neighbours_gen_fc, fundamentals__fund_system_aggregates, fundamentals__fund_ttf_da, fundamentals__fund_eua_carbon, fundamentals__fund_np_ida_volumes, fundamentals__fund_np_ida_capacity_dk2, fundamentals__fund_np_ida_capacity_nl, fundamentals__fund_np_intraday, weather__weather_wind10m, weather__weather_wind_shear, weather__weather_forecast_error_24h",cpu,AMD EPYC-Genoa Processor (8 vCPU),100,7966.634994454682,7988.685227562208,79.66634994454682,16.16151496488601,no_penalty,,2684.0
catboost_fs3_np,catboost,tree,fs3,65.0,12.25072876783475,12.25072876783475,17.596123580134574,12.250728767834751,18.470599371147607,0.7988801871762821,18.334118509037356,23.57324614701459,0.8325324319824793,61.0,209.0,32,110,"time__intraday_position_dst_aware, time__weekly_calendar_raw, time__annual_calendar_raw, time__month_boundary_indicators, time__day_type_indicators, time__intraday_settlement_period_cyclical, time__minute_of_day_cyclical, time__weekly_calendar_cyclical, time__monthly_calendar_cyclical, time__annual_calendar_cyclical, price__price_neighbor_lags_1d, price__price_neighbor_lags_2d, price__price_rolling_same_period_2d, price__price_rolling_same_period_3d, price__price_rolling_same_period_7d, price__price_daily_summary_lag_1d, price__price_daily_summary_lag_7d, price__price_neighbor_spreads_lag_24h, price__price_neighbor_spread_rolling_7d, fundamentals__fund_load_fc, fundamentals__fund_wind_solar_fc, fundamentals__fund_residual_load_fc, fundamentals__fund_scheduled_exchanges, fundamentals__fund_wind_solar_lag_24h, fundamentals__fund_residual_load_rolling, fundamentals__fund_dk1_gen_fc, fundamentals__fund_neighbours_wind_solar_fc, fundamentals__fund_neighbours_gen_fc, fundamentals__fund_system_stress, fundamentals__fund_hydro_regime_dev, fundamentals__fund_np_da_volumes, fundamentals__fund_np_intraday",cpu,AMD EPYC-Genoa Processor (8 vCPU),100,5508.524994617328,5503.303238744382,55.08524994617328,12.498510390985757,no_penalty,,2684.0
catboost_fs3_wp,catboost,tree,fs3,64.0,12.439631334471,12.271823663281104,17.864489658855607,12.271823663281104,18.97709127717808,0.7876989353435269,18.75163939904314,23.876807062593148,0.8281915848773225,61.0,209.0,32,109,"time__intraday_position_raw, time__intraday_position_dst_aware, time__weekly_calendar_raw, time__annual_calendar_raw, time__day_type_indicators, time__intraday_settlement_period_cyclical, time__minute_of_day_cyclical, time__weekly_calendar_cyclical, time__monthly_calendar_cyclical, time__annual_calendar_cyclical, price__price_neighbor_lags_2d, price__price_neighbor_lags_7d, price__price_rolling_same_period_2d, price__price_rolling_same_period_3d, price__price_rolling_same_period_7d, price__price_daily_summary_lag_1d, price__price_daily_summary_lag_7d, price__neighbor_prices_lag_168h, price__price_neighbor_spreads_lag_24h, price__price_dst_imputation_indicator, fundamentals__fund_load_fc, fundamentals__fund_wind_solar_fc, fundamentals__fund_wind_solar_lag_24h, fundamentals__fund_forecast_error_24h, fundamentals__fund_residual_load_rolling, fundamentals__fund_neighbours_wind_solar_fc, fundamentals__fund_neighbours_gen_fc, fundamentals__fund_system_stress, fundamentals__fund_ttf_da, fundamentals__fund_hydro_regime_dev, fundamentals__fund_np_da_volumes, fundamentals__fund_np_intraday",cpu,AMD EPYC-Genoa Processor (8 vCPU),100,3376.1878111767583,3380.8509043869562,33.76187811176758,2.04229530133307,with_penalty,,2684.0
lasso_fs3_np,lasso,linear,fs3,81.0,14.29355027815011,14.29355027815011,20.126122706444168,14.293550278150109,20.778889493300092,0.7454708390151767,18.860343316616447,25.009594139175007,0.8115026628818516,61.0,209.0,24,80,"time__intraday_position_raw, time__month_boundary_indicators, time__day_type_indicators, time__dst_indicators, time__weekly_calendar_cyclical, time__monthly_calendar_cyclical, time__annual_calendar_cyclical, price__price_neighbor_lags_1d, price__price_neighbor_lags_2d, price__price_neighbor_lags_7d, price__price_daily_summary_lag_3d, price__price_daily_summary_lag_7d, price__neighbor_prices_lag_24h, fundamentals__fund_load_fc, fundamentals__fund_residual_load_fc, fundamentals__fund_wind_solar_lag_24h, fundamentals__fund_forecast_error_24h, fundamentals__fund_residual_load_rolling, fundamentals__fund_dk1_gen_fc, fundamentals__fund_system_aggregates, fundamentals__fund_ttf_da, fundamentals__fund_np_da_volumes, fundamentals__fund_np_ida_capacity_dk2, fundamentals__fund_np_ida_capacity_ger",cpu,AMD EPYC-Genoa Processor (8 vCPU),100,5108.229725356214,5126.356817126274,51.08229725356214,5.2000305890105665,no_penalty,,2684.0
tabnet_fs3_np,tabnet,neural,fs3,,,11.806474494934083,,,,,19.368422367006087,24.189855366743636,0.8236568985209861,,,38,137,,cuda,NVIDIA GeForce RTX 4090,100,18506.385291576385,19498.331215381622,184.55895978450775,50.48931312561035,no_penalty,,2684.0
rf_fs4_wp,rf,tree,fs4,81.0,13.26579337718621,13.112431834539773,18.429566675784866,13.112431834539779,19.45948271265667,0.7767685080953357,19.37201873855389,24.118010096775016,0.8247028413833334,71.0,233.0,34,113,"time__intraday_position_raw, time__intraday_position_dst_aware, time__weekly_calendar_raw, time__holiday_indicators, time__dst_indicators, time__minute_of_day_cyclical, time__monthly_calendar_cyclical, time__annual_calendar_cyclical, time__auction_horizon, price__price_same_period_lags, price__price_neighbor_lags_1d, price__price_neighbor_lags_3d, price__price_rolling_same_period_2d, price__price_rolling_same_period_7d, price__price_daily_summary_lag_1d, price__price_daily_summary_lag_2d, price__price_dst_imputation_indicator, fundamentals__fund_load_fc, fundamentals__fund_wind_solar_fc, fundamentals__fund_scheduled_exchanges, fundamentals__fund_net_imports, fundamentals__fund_neighbours_wind_solar_fc, fundamentals__fund_neighbours_gen_fc, fundamentals__fund_ttf_da, fundamentals__fund_hydro_regime_dev, fundamentals__fund_np_ida_volumes, fundamentals__fund_np_intraday, weather__weather_wind100m_bulk, weather__weather_wind100m_zones, weather__weather_wind100m_direction, weather__weather_wind10m, weather__weather_temperature, weather__weather_solar, weather__weather_pressure",cpu,AMD EPYC-Genoa Processor (8 vCPU),100,6368.20656749839,6389.325671257917,63.682065674983896,17.08133961400017,with_penalty,,2684.0
rf_fs3_wp,rf,tree,fs3,78.0,13.018710680903766,12.85534257360123,18.283815647792004,12.85534257360123,19.60809345102183,0.7733458813592166,19.946293213325163,24.627193084485835,0.8172229084928286,61.0,209.0,31,114,"time__weekly_calendar_raw, time__annual_calendar_raw, time__day_type_indicators, time__dst_indicators, time__minute_of_day_cyclical, price__price_same_period_lags, price__price_rolling_same_period_2d, price__price_rolling_same_period_3d, price__price_rolling_same_period_7d, price__price_daily_summary_lag_1d, price__price_daily_summary_lag_2d, price__price_daily_summary_lag_3d, price__price_daily_summary_lag_7d, price__price_neighbor_spreads_lag_24h, price__price_neighbor_spreads_lag_168h, price__price_dst_imputation_indicator, fundamentals__fund_wind_solar_fc, fundamentals__fund_residual_load_fc, fundamentals__fund_load_lag_24h, fundamentals__fund_wind_solar_lag_24h, fundamentals__fund_residual_load_rolling, fundamentals__fund_dk1_gen_fc, fundamentals__fund_neighbours_gen_fc, fundamentals__fund_ttf_da, fundamentals__fund_nordic_hydro_levels, fundamentals__fund_nordic_hydro_aggregates, fundamentals__fund_hydro_regime_dev, fundamentals__fund_np_ida_capacity_dk2, fundamentals__fund_np_ida_capacity_nl, fundamentals__fund_np_ida_capacity_aggregates, fundamentals__fund_np_intraday",cpu,AMD EPYC-Genoa Processor (8 vCPU),100,6143.482527417131,6164.37083671242,61.43482527417131,14.000916718039662,with_penalty,,2684.0
rf_fs3_np,rf,tree,fs3,78.0,12.855342573601229,12.855342573601229,18.283815647792004,12.85534257360123,19.60809345102183,0.7733458813592166,19.946293213325166,24.627193084485835,0.8172229084928286,61.0,209.0,31,114,"time__weekly_calendar_raw, time__annual_calendar_raw, time__day_type_indicators, time__dst_indicators, time__minute_of_day_cyclical, price__price_same_period_lags, price__price_rolling_same_period_2d, price__price_rolling_same_period_3d, price__price_rolling_same_period_7d, price__price_daily_summary_lag_1d, price__price_daily_summary_lag_2d, price__price_daily_summary_lag_3d, price__price_daily_summary_lag_7d, price__price_neighbor_spreads_lag_24h, price__price_neighbor_spreads_lag_168h, price__price_dst_imputation_indicator, fundamentals__fund_wind_solar_fc, fundamentals__fund_residual_load_fc, fundamentals__fund_load_lag_24h, fundamentals__fund_wind_solar_lag_24h, fundamentals__fund_residual_load_rolling, fundamentals__fund_dk1_gen_fc, fundamentals__fund_neighbours_gen_fc, fundamentals__fund_ttf_da, fundamentals__fund_nordic_hydro_levels, fundamentals__fund_nordic_hydro_aggregates, fundamentals__fund_hydro_regime_dev, fundamentals__fund_np_ida_capacity_dk2, fundamentals__fund_np_ida_capacity_nl, fundamentals__fund_np_ida_capacity_aggregates, fundamentals__fund_np_intraday",cpu,AMD EPYC-Genoa Processor (8 vCPU),100,6179.629312358797,6200.621421395801,61.796293123587965,13.859170611947775,no_penalty,,2684.0
lasso_fs4_np,lasso,linear,fs4,91.0,14.153356038042265,14.153356038042265,20.457686752261047,14.153356038042265,21.670562051095153,0.723157202023713,22.59463760249056,28.141299314929505,0.7613396779906441,71.0,233.0,29,108,"time__annual_calendar_raw, time__day_type_indicators, time__dst_indicators, time__weekly_calendar_cyclical, time__annual_calendar_cyclical, time__auction_horizon, price__price_same_period_lags, price__price_neighbor_lags_2d, price__price_neighbor_lags_3d, price__price_neighbor_lags_7d, price__price_rolling_same_period_2d, price__price_rolling_same_period_3d, price__price_daily_summary_lag_1d, price__price_neighbor_spreads_lag_24h, price__price_neighbor_spreads_lag_168h, fundamentals__fund_load_lag_24h, fundamentals__fund_forecast_error_24h, fundamentals__fund_residual_load_rolling, fundamentals__fund_neighbours_load_fc, fundamentals__fund_neighbours_wind_solar_fc, fundamentals__fund_neighbours_gen_fc, fundamentals__fund_eua_carbon, fundamentals__fund_hydro_regime_dev, fundamentals__fund_np_da_volumes, fundamentals__fund_np_ida_volumes, fundamentals__fund_np_ida_capacity_ger, fundamentals__fund_np_ida_capacity_nl, weather__weather_wind100m_bulk, weather__weather_wind_shear",cpu,AMD EPYC-Genoa Processor (8 vCPU),100,4731.858974204864,4755.754958833102,47.318589742048644,0.19684697687625885,no_penalty,,2684.0
lasso_fs4_wp,lasso,linear,fs4,97.0,14.277747344300145,14.150424609608734,20.45706435729086,14.150424609608732,21.696061532749987,0.7225053037337514,22.683406053204315,28.22624658511204,0.7598966641861682,71.0,233.0,28,105,"time__annual_calendar_raw, time__day_type_indicators, time__minute_of_day_cyclical, time__weekly_calendar_cyclical, time__auction_horizon, price__price_same_period_lags, price__price_neighbor_lags_2d, price__price_neighbor_lags_3d, price__price_neighbor_lags_7d, price__price_rolling_same_period_2d, price__price_rolling_same_period_3d, price__price_daily_summary_lag_1d, price__price_neighbor_spreads_lag_24h, price__price_neighbor_spreads_lag_168h, fundamentals__fund_load_lag_24h, fundamentals__fund_forecast_error_24h, fundamentals__fund_residual_load_rolling, fundamentals__fund_neighbours_load_fc, fundamentals__fund_neighbours_wind_solar_fc, fundamentals__fund_neighbours_gen_fc, fundamentals__fund_eua_carbon, fundamentals__fund_hydro_regime_dev, fundamentals__fund_np_da_volumes, fundamentals__fund_np_ida_volumes, fundamentals__fund_np_ida_capacity_ger, fundamentals__fund_np_ida_capacity_nl, weather__weather_wind100m_bulk, weather__weather_wind_shear",cpu,AMD EPYC-Genoa Processor (8 vCPU),100,5498.947362397332,5520.852150195278,54.98947362397332,0.39905580412596464,with_penalty,,2684.0
tabnet_fs4_np,tabnet,neural,fs4,,,11.3539,,,,,25.016014980062785,32.402646163338204,0.6835880420969509,,,39,123,,cuda,NVIDIA GeForce RTX 4090,100,21253.52101302147,22366.108817100525,212.02993933677672,50.527079343795776,no_penalty,,2684.0
xgb_fs4_fix,xgb,tree,fs4,25.0,19.545905064378502,19.545905064378502,25.877594153725703,19.545905064378506,26.6093027504533,0.5825928647999832,26.04289944087968,32.05935205211539,0.6902570625435921,0.0,18.0,0,18,,cpu,AMD EPYC-Genoa Processor (8 vCPU),100,332.3970427745953,336.49785522697493,3.3239704277459534,0.3298851549625397,fixed,,2684.0
lgbm_fs3_fix,lgbm,tree,fs3,79.0,19.370453502592532,19.370453502592532,26.10264177759037,19.370453502592532,27.028474895324837,0.5693385869777956,26.631977813844518,33.109118119722616,0.6696402278807223,0.0,14.0,0,14,,cpu,AMD EPYC-Genoa Processor (8 vCPU),100,423.0117161325179,429.5623397282325,4.230117161325179,0.6876566498540342,fixed,,2684.0
catboost_fs4_fix,catboost,tree,fs4,73.0,17.989830707299284,17.989830707299284,24.364047907172914,17.989830707299284,25.202298956253834,0.6255677936142561,26.64150844836389,32.767330474707244,0.6764256749866824,0.0,18.0,0,18,,cpu,AMD EPYC-Genoa Processor (8 vCPU),100,1226.1187652675435,1226.0237184278667,12.261187652675435,2.958530825097114,fixed,,2684.0
lgbm_fs4_fix,lgbm,tree,fs4,35.0,17.868024723995596,17.868024723995596,24.407934371834262,17.868024723995596,25.025662117790997,0.6307980106506368,26.67223007263666,32.64755988896234,0.678786798590285,0.0,18.0,0,18,,cpu,AMD EPYC-Genoa Processor (8 vCPU),100,449.36931702075526,455.1146694016643,4.493693170207552,1.3104286477901042,fixed,,2684.0
hgbt_fs4_fix,hgbt,tree,fs4,92.0,18.364116123421937,18.364116123421937,24.766945361069457,18.364116123421933,25.443975098213667,0.6183521652153223,27.292138971848836,33.351835310096725,0.6647788538701898,0.0,18.0,0,18,,cpu,AMD EPYC-Genoa Processor (8 vCPU),100,885.4892760957591,894.1617734339088,8.854892760957592,2.476416600868106,fixed,,2684.0
catboost_fs3_fix,catboost,tree,fs3,46.0,20.00017588675495,20.00017588675495,26.692005976112473,20.00017588675495,27.864686586186465,0.5422786140298508,28.56449300018215,34.8912119389665,0.6331199968671948,0.0,14.0,0,14,,cpu,AMD EPYC-Genoa Processor (8 vCPU),100,862.9184323204681,864.7386285099201,8.629184323204681,0.8553947890177369,fixed,,2684.0
hgbt_fs3_fix,hgbt,tree,fs3,10.0,19.66075959925963,19.66075959925963,26.629197655944257,19.660759599259634,27.700633779519563,0.5476524000177355,28.701879723303797,35.15303595581882,0.6275931950815715,0.0,14.0,0,14,,cpu,AMD EPYC-Genoa Processor (8 vCPU),100,1399.5711791594513,1413.2767759282142,13.995711791594513,2.797962610144168,fixed,,2684.0
rf_fs4_fix,rf,tree,fs4,53.0,20.80679261989052,20.80679261989052,27.17139253092015,20.806792619890516,27.78371885234763,0.5449347945527157,28.856684806313993,34.860815383926216,0.6337589560740162,0.0,18.0,0,18,,cpu,AMD EPYC-Genoa Processor (8 vCPU),100,900.4987440882251,927.5043464479968,9.004987440882251,1.6910128886811435,fixed,,2684.0
ridge_fs4_fix,ridge,linear,fs4,85.0,21.78640330164355,21.78640330164355,28.328432930535826,21.786403301643553,29.038420953206387,0.5029055979349933,28.91480803515151,36.284760709063036,0.6032285102682688,0.0,18.0,0,18,,cpu,AMD EPYC-Genoa Processor (8 vCPU),100,1.7295076134614646,2.903375841677189,0.017295076134614645,0.0032776296138763428,fixed,,2684.0
enet_fs4_fix,enet,linear,fs4,86.0,21.59207457694535,21.59207457694535,28.35806917155471,21.592074576945343,29.19884183638658,0.4973980950087169,28.979173393108063,36.64624458949842,0.5952835255333433,0.0,18.0,0,18,,cpu,AMD EPYC-Genoa Processor (8 vCPU),100,145.61116838129237,154.269950134214,1.4561116838129238,0.09108551777899265,fixed,,2684.0
lasso_fs4_fix,lasso,linear,fs4,68.0,21.332583858952255,21.332583858952255,28.184289070685566,21.332583858952255,29.292335077517745,0.4941743294229035,29.31949088351618,37.2356036886572,0.5821612341857338,0.0,18.0,0,18,,cpu,AMD EPYC-Genoa Processor (8 vCPU),100,115.10754369525239,122.07288257684559,1.1510754369525238,0.09845488611608744,fixed,,2684.0
xgb_fs3_fix,xgb,tree,fs3,82.0,20.420241517590895,20.420241517590895,26.710612488770757,20.420241517590892,27.633591246853165,0.5498393413027969,29.734125295941585,35.68691665199068,0.6161955688321741,0.0,14.0,0,14,,cpu,AMD EPYC-Genoa Processor (8 vCPU),100,229.11131951306015,232.96332487510517,2.2911131951306016,0.2808398799970746,fixed,,2684.0
enet_fs3_fix,enet,linear,fs3,77.0,22.008822875822432,22.008822875822432,28.737941508374064,22.008822875822435,29.913946046870045,0.4724783464297032,30.42170154016865,38.079006381212835,0.5630184040111087,0.0,14.0,0,14,,cpu,AMD EPYC-Genoa Processor (8 vCPU),100,78.92226715711877,85.27505748299882,0.7892226715711876,0.09033021004870534,fixed,,2684.0
lasso_fs3_fix,lasso,linear,fs3,42.0,21.803424468997928,21.803424468997928,28.619816801521768,21.803424468997925,29.843070197323247,0.4749751251891271,30.709000058019285,38.29824395066796,0.5579721288328465,0.0,14.0,0,14,,cpu,AMD EPYC-Genoa Processor (8 vCPU),100,82.04598862165585,88.99681514268741,0.8204598862165585,0.09036655491217971,fixed,,2684.0
rf_fs3_fix,rf,tree,fs3,98.0,21.25309027128958,21.25309027128958,27.979671155419574,21.25309027128958,28.938969708547603,0.5063046809191751,30.75146976139718,36.924528999945956,0.5891135117844102,0.0,14.0,0,14,,cpu,AMD EPYC-Genoa Processor (8 vCPU),100,613.3492380636744,637.692675915081,6.133492380636744,0.8153325961902738,fixed,,2684.0
lear,lear,linear,lear-fs,-1.0,,19.74144902400355,,19.74144902400355,,,30.800691805015422,39.16836017542029,0.5334621102015991,0.0,967.0,0,967,lear-features,cpu,AMD EPYC-Genoa Processor (8 vCPU),0,159.37741235364228,160.97800483508036,0.0,27.26703691203147,,,2596.0
ridge_fs3_fix,ridge,linear,fs3,95.0,22.322425507546004,22.322425507546004,28.964198993529784,22.322425507546,30.477075781508788,0.45243022348844475,31.599345045746354,39.12173313358583,0.538758788809284,0.0,14.0,0,14,,cpu,AMD EPYC-Genoa Processor (8 vCPU),100,1.6151418020017445,2.7791926879435778,0.016151418020017447,0.003006142098456621,fixed,,2684.0
catboost_fs2_np,catboost,tree,fs2,92.0,22.99733729997101,22.99733729997101,30.88785450594829,22.99733729997101,33.43647963207973,0.3409263149349897,34.95233553829692,44.81717490053346,0.3946857679564201,33.0,119.0,12,39,"time__intraday_position_raw, time__weekly_calendar_raw, time__dst_indicators, time__intraday_settlement_period_cyclical, time__weekly_calendar_cyclical, time__monthly_calendar_cyclical, price__price_neighbor_lags_1d, price__price_rolling_same_period_2d, price__price_rolling_same_period_3d, price__price_daily_summary_lag_1d, price__neighbor_prices_lag_24h, price__price_dst_imputation_indicator",cpu,AMD EPYC-Genoa Processor (8 vCPU),100,1750.7758111003786,1753.8848480777815,17.507758111003785,1.7511074831709266,no_penalty,,2684.0
catboost_fs2_wp,catboost,tree,fs2,98.0,23.07373773894405,22.92947494291655,30.701774144700504,22.92947494291655,33.11669675168177,0.3534726498644164,35.437128065623035,44.718925192154465,0.39733683905643036,33.0,119.0,15,47,"time__intraday_position_raw, time__weekly_calendar_raw, time__dst_indicators, time__intraday_settlement_period_cyclical, time__intraday_day_progress_cyclical, time__minute_of_day_cyclical, time__weekly_calendar_cyclical, time__monthly_calendar_cyclical, price__price_neighbor_lags_1d, price__price_rolling_same_period_2d, price__price_rolling_same_period_3d, price__price_rolling_same_period_7d, price__price_daily_summary_lag_1d, price__neighbor_prices_lag_24h, price__price_dst_imputation_indicator",cpu,AMD EPYC-Genoa Processor (8 vCPU),100,1854.9115876685828,1855.740238185972,18.54911587668583,3.8292981078848243,with_penalty,,2684.0
hgbt_fs2_fix,hgbt,tree,fs2,77.0,24.32904414421888,24.32904414421888,32.05868010246195,24.329044144218884,35.36824756560942,0.2625714242477718,36.13497244776843,46.2267228219912,0.35601145394192246,0.0,9.0,0,9,,cpu,AMD EPYC-Genoa Processor (8 vCPU),100,768.6335455235094,779.7902229288593,7.686335455235094,1.1311387913301587,fixed,,2684.0
ridge_fs2_fix,ridge,linear,fs2,85.0,23.840833821800267,23.840833821800267,31.03816962043374,23.840833821800263,33.93191563824286,0.3212503224668358,36.24517875464122,45.186573596515146,0.38466622557025265,0.0,9.0,0,9,,cpu,AMD EPYC-Genoa Processor (8 vCPU),100,1.2900321753695607,2.3589295940473676,0.012900321753695607,0.002646990120410919,fixed,,2684.0
lasso_fs2_fix,lasso,linear,fs2,85.0,23.837982368009232,23.837982368009232,31.038299002056693,23.837982368009232,33.931578013763314,0.3212638295949908,36.24683493636623,45.18685889774738,0.38465845529584053,0.0,9.0,0,9,,cpu,AMD EPYC-Genoa Processor (8 vCPU),100,61.462282279506326,68.96820646803826,0.6146228227950633,0.10107736708596349,fixed,,2684.0
enet_fs2_fix,enet,linear,fs2,98.0,23.838450627199002,23.838450627199002,31.03919591062014,23.838450627199006,33.932001739314366,0.32124687785443695,36.24910377677738,45.187009847195334,0.38465434411733035,0.0,9.0,0,9,,cpu,AMD EPYC-Genoa Processor (8 vCPU),100,68.95446086721495,76.66286010667682,0.6895446086721495,0.08948595821857452,fixed,,2684.0
lasso_fs2_np,lasso,linear,fs2,95.0,22.452884433072114,22.452884433072114,29.686074925628407,22.452884433072118,32.76205721050917,0.36724555042084184,36.297144675191944,45.922354217358894,0.36446390713410226,33.0,119.0,15,55,"time__weekly_calendar_raw, time__annual_calendar_raw, time__month_boundary_indicators, time__day_type_indicators, time__holiday_indicators, time__intraday_day_progress_cyclical, time__auction_horizon, price__price_same_period_lags, price__price_neighbor_lags_1d, price__price_neighbor_lags_3d, price__price_rolling_same_period_7d, price__price_daily_summary_lag_1d, price__price_daily_summary_lag_7d, price__price_neighbor_spreads_lag_24h, price__price_neighbor_spread_rolling_7d",cpu,AMD EPYC-Genoa Processor (8 vCPU),100,1382.885388966184,1399.1525793471374,13.828853889661842,0.2826344599016011,no_penalty,,2684.0
ridge_fs2_wp,ridge,linear,fs2,54.0,22.877968919553837,22.72293454216652,29.528889167909647,22.72293454216652,32.53031297083236,0.37616553823950316,36.54932278900278,45.165547227928926,0.3852387507025512,33.0,119.0,16,57,"time__intraday_position_raw, time__weekly_calendar_raw, time__month_boundary_indicators, time__day_type_indicators, time__holiday_indicators, time__weekly_calendar_cyclical, time__auction_horizon, price__price_same_period_lags, price__price_neighbor_lags_2d, price__price_neighbor_lags_3d, price__price_rolling_same_period_2d, price__price_rolling_same_period_3d, price__price_rolling_same_period_7d, price__price_daily_summary_lag_7d, price__neighbor_prices_lag_168h, price__price_neighbor_spread_rolling_7d",cpu,AMD EPYC-Genoa Processor (8 vCPU),100,29.318059964105487,44.62373181991279,0.29318059964105486,0.08706221403554082,with_penalty,,2684.0
lasso_fs2_wp,lasso,linear,fs2,95.0,23.216122348061244,23.08145466280532,30.2160229195253,23.081454662805324,33.2981553417577,0.3463681154714785,36.589710820000136,46.91254532231043,0.3367611991657734,33.0,119.0,14,44,"time__intraday_position_dst_aware, time__weekly_calendar_raw, time__annual_calendar_raw, time__month_boundary_indicators, time__holiday_indicators, time__intraday_day_progress_cyclical, time__auction_horizon, price__price_same_period_lags, price__price_neighbor_lags_1d, price__price_neighbor_lags_3d, price__price_daily_summary_lag_7d, price__price_neighbor_spreads_lag_24h, price__price_neighbor_spread_rolling_7d, price__price_dst_imputation_indicator",cpu,AMD EPYC-Genoa Processor (8 vCPU),100,1539.8947348045185,1555.176723619923,15.398947348045185,0.7902517840266228,with_penalty,,2684.0
ridge_fs2_np,ridge,linear,fs2,90.0,22.551067485742276,22.551067485742276,29.480608746599977,22.55106748574228,32.43481101049222,0.379823047522046,36.6771018244182,46.06931078887683,0.36038982835790145,33.0,119.0,17,55,"time__intraday_position_raw, time__intraday_position_dst_aware, time__weekly_calendar_raw, time__month_boundary_indicators, time__day_type_indicators, time__holiday_indicators, time__dst_indicators, time__weekly_calendar_cyclical, time__auction_horizon, price__price_neighbor_lags_1d, price__price_neighbor_lags_2d, price__price_rolling_same_period_2d, price__price_rolling_same_period_3d, price__price_rolling_same_period_7d, price__price_daily_summary_lag_7d, price__neighbor_prices_lag_168h, price__price_neighbor_spread_rolling_7d",cpu,AMD EPYC-Genoa Processor (8 vCPU),100,28.98033986147493,43.903449153061956,0.2898033986147493,0.07440445479005575,no_penalty,,2684.0
lgbm_fs2_fix,lgbm,tree,fs2,90.0,24.423552870251456,24.423552870251456,32.22533480719119,24.423552870251452,35.66513583695156,0.2501392118498206,37.04358849628341,46.76199997873209,0.3410111201175806,0.0,9.0,0,9,,cpu,AMD EPYC-Genoa Processor (8 vCPU),100,393.2582331900485,399.5053870230913,3.932582331900485,1.188683157786727,fixed,,2684.0
enet_fs2_wp,enet,linear,fs2,72.0,23.33402075247146,23.16939126431256,30.04403115323395,23.169391264312555,33.14680724971755,0.352296438921438,37.06918696694495,46.423571336222636,0.35051514830158803,33.0,119.0,17,60,"time__intraday_position_raw, time__weekly_calendar_raw, time__annual_calendar_raw, time__month_boundary_indicators, time__day_type_indicators, time__dst_indicators, time__minute_of_day_cyclical, price__price_same_period_lags, price__price_neighbor_lags_1d, price__price_neighbor_lags_2d, price__price_rolling_same_period_3d, price__price_rolling_same_period_7d, price__price_daily_summary_lag_7d, price__neighbor_prices_lag_24h, price__price_neighbor_spreads_lag_168h, price__price_neighbor_spread_rolling_7d, price__price_dst_imputation_indicator",cpu,AMD EPYC-Genoa Processor (8 vCPU),100,1413.207467675209,1429.8975479439832,14.13207467675209,1.3880506521090865,with_penalty,,2684.0
catboost_fs2_fix,catboost,tree,fs2,87.0,24.961397093335865,24.961397093335865,32.47915859110826,24.96139709333586,35.91318345448648,0.239672520060084,37.26111551437774,46.56947207964654,0.3464263103641606,0.0,9.0,0,9,,cpu,AMD EPYC-Genoa Processor (8 vCPU),100,670.4299248000607,671.3566298750229,6.7042992480006065,1.6432873797602952,fixed,,2684.0
enet_fs2_np,enet,linear,fs2,91.0,22.575051172072918,22.575051172072918,29.736702964657958,22.575051172072918,32.8254272445637,0.36479537153034003,37.5068302249367,46.87594621830191,0.33779565495814945,33.0,119.0,15,54,"time__annual_calendar_raw, time__month_boundary_indicators, time__holiday_indicators, time__dst_indicators, time__weekly_calendar_cyclical, time__annual_calendar_cyclical, price__price_neighbor_lags_1d, price__price_neighbor_lags_7d, price__price_rolling_same_period_7d, price__price_daily_summary_lag_3d, price__price_daily_summary_lag_7d, price__neighbor_prices_lag_24h, price__price_neighbor_spreads_lag_24h, price__price_neighbor_spread_rolling_7d, price__price_dst_imputation_indicator",cpu,AMD EPYC-Genoa Processor (8 vCPU),100,1164.4934474984184,1181.3716413336806,11.644934474984185,0.19542098231613636,no_penalty,,2684.0
rf_fs2_wp,rf,tree,fs2,89.0,24.473413716476532,24.308952295544522,32.28202731720158,24.30895229554452,34.98928562648151,0.2782894891361043,37.63969146990461,46.584025028428165,0.3460177632982657,33.0,119.0,17,59,"time__weekly_calendar_raw, time__annual_calendar_raw, time__month_boundary_indicators, time__dst_indicators, time__intraday_day_progress_cyclical, time__weekly_calendar_cyclical, time__monthly_calendar_cyclical, time__auction_horizon, price__price_neighbor_lags_1d, price__price_neighbor_lags_2d, price__price_neighbor_lags_3d, price__price_neighbor_lags_7d, price__price_rolling_same_period_2d, price__price_rolling_same_period_7d, price__price_daily_summary_lag_1d, price__price_daily_summary_lag_2d, price__neighbor_prices_lag_24h",cpu,AMD EPYC-Genoa Processor (8 vCPU),100,2079.1330128591508,2112.6688770079054,20.791330128591508,1.603761780075729,with_penalty,,2684.0
lgbm_fs2_np,lgbm,tree,fs2,85.0,23.63574683125048,23.63574683125048,31.058066429023732,23.635746831250483,33.77436844354275,0.3275386120417163,38.673028048518525,47.23540990254311,0.3276006137822567,33.0,119.0,16,49,"time__intraday_position_raw, time__weekly_calendar_raw, time__annual_calendar_raw, time__day_type_indicators, time__holiday_indicators, time__dst_indicators, time__intraday_settlement_period_cyclical, time__intraday_day_progress_cyclical, time__minute_of_day_cyclical, time__auction_horizon, price__price_neighbor_lags_1d, price__price_neighbor_lags_2d, price__price_rolling_same_period_3d, price__price_rolling_same_period_7d, price__price_daily_summary_lag_7d, price__price_neighbor_spreads_lag_24h",cpu,AMD EPYC-Genoa Processor (8 vCPU),100,514.4027795358561,519.7626609946601,5.144027795358561,1.374276343267411,no_penalty,,2684.0
lgbm_fs2_wp,lgbm,tree,fs2,85.0,23.78943667082267,23.63574683125048,31.058066429023732,23.635746831250483,33.77436844354275,0.3275386120417163,38.673028048518525,47.23540990254311,0.3276006137822567,33.0,119.0,16,49,"time__intraday_position_raw, time__weekly_calendar_raw, time__annual_calendar_raw, time__day_type_indicators, time__holiday_indicators, time__dst_indicators, time__intraday_settlement_period_cyclical, time__intraday_day_progress_cyclical, time__minute_of_day_cyclical, time__auction_horizon, price__price_neighbor_lags_1d, price__price_neighbor_lags_2d, price__price_rolling_same_period_3d, price__price_rolling_same_period_7d, price__price_daily_summary_lag_7d, price__price_neighbor_spreads_lag_24h",cpu,AMD EPYC-Genoa Processor (8 vCPU),100,511.62722004856914,517.2756296880543,5.1162722004856915,1.3572734161280096,with_penalty,,2684.0
rf_fs2_fix,rf,tree,fs2,96.0,25.01943157747176,25.01943157747176,32.39016733355911,25.01943157747176,35.503630589732694,0.25691514252754366,38.83540210586352,47.33610173640942,0.32473084760396553,0.0,9.0,0,9,,cpu,AMD EPYC-Genoa Processor (8 vCPU),100,389.51405054796487,418.0988488984294,3.895140505479649,0.6116507849656045,fixed,,2684.0
rf_fs2_np,rf,tree,fs2,97.0,24.703378103959572,24.703378103959572,32.63154879581499,24.703378103959576,35.536383997779616,0.2555434637580234,38.91871024818869,47.77351006303946,0.3121935658323963,33.0,119.0,15,54,"time__intraday_position_dst_aware, time__annual_calendar_raw, time__month_boundary_indicators, time__dst_indicators, time__weekly_calendar_cyclical, time__monthly_calendar_cyclical, time__auction_horizon, price__price_same_period_lags, price__price_neighbor_lags_1d, price__price_rolling_same_period_2d, price__price_rolling_same_period_7d, price__price_daily_summary_lag_2d, price__price_daily_summary_lag_7d, price__neighbor_prices_lag_168h, price__price_dst_imputation_indicator",cpu,AMD EPYC-Genoa Processor (8 vCPU),100,1931.706724716816,1956.7334882752039,19.31706724716816,2.972856398206204,no_penalty,,2684.0
hgbt_fs2_wp,hgbt,tree,fs2,95.0,23.705996695424762,23.590519231712005,31.98577490252822,23.590519231712005,34.75101644784608,0.28808539427715973,38.94164888424666,48.11191211018182,0.30241494745075315,33.0,119.0,12,38,"time__intraday_position_dst_aware, time__weekly_calendar_raw, time__annual_calendar_raw, time__month_boundary_indicators, time__holiday_indicators, time__intraday_settlement_period_cyclical, time__weekly_calendar_cyclical, time__monthly_calendar_cyclical, price__price_same_period_lags, price__price_rolling_same_period_3d, price__price_daily_summary_lag_7d, price__neighbor_prices_lag_24h",cpu,AMD EPYC-Genoa Processor (8 vCPU),100,2515.792429969646,2529.2442079451866,25.15792429969646,3.9837707108817995,with_penalty,,2684.0
xgb_fs2_wp,xgb,tree,fs2,72.0,24.289548051834405,24.155720702712937,31.936024261328363,24.15572070271294,34.65926733119696,0.2918396045235785,39.53105442270466,48.43180817586724,0.2931076228515255,33.0,119.0,14,39,"time__intraday_position_dst_aware, time__month_boundary_indicators, time__day_type_indicators, time__holiday_indicators, time__intraday_settlement_period_cyclical, time__intraday_day_progress_cyclical, time__weekly_calendar_cyclical, price__price_neighbor_lags_1d, price__price_neighbor_lags_3d, price__price_rolling_same_period_3d, price__price_rolling_same_period_7d, price__neighbor_prices_lag_24h, price__price_neighbor_spreads_lag_24h, price__price_dst_imputation_indicator",cpu,AMD EPYC-Genoa Processor (8 vCPU),100,660.3981081238016,666.0556389880367,6.603981081238016,0.3986441479064524,with_penalty,,2684.0
xgb_fs2_fix,xgb,tree,fs2,94.0,24.589716797611274,24.589716797611274,32.174123085216515,24.58971679761127,35.274745480806914,0.2664653105366859,39.54665142697485,48.28076124092085,0.29750999517959575,0.0,9.0,0,9,,cpu,AMD EPYC-Genoa Processor (8 vCPU),100,155.0566496886313,158.51453881710768,1.5505664968863129,0.26323028514161706,fixed,,2684.0
xgb_fs2_np,xgb,tree,fs2,82.0,24.396868555289494,24.396868555289494,32.28265044217183,24.396868555289497,35.26571869897734,0.2668406844934851,39.614025433174696,48.88432962551787,0.27983624647860006,33.0,119.0,13,35,"time__intraday_position_dst_aware, time__month_boundary_indicators, time__day_type_indicators, time__holiday_indicators, time__intraday_settlement_period_cyclical, time__intraday_day_progress_cyclical, time__weekly_calendar_cyclical, price__price_neighbor_lags_1d, price__price_neighbor_lags_3d, price__price_rolling_same_period_3d, price__price_rolling_same_period_7d, price__neighbor_prices_lag_24h, price__price_dst_imputation_indicator",cpu,AMD EPYC-Genoa Processor (8 vCPU),100,705.9741535759531,711.7701417431235,7.059741535759531,0.6734463460743427,no_penalty,,2684.0
hgbt_fs2_np,hgbt,tree,fs2,73.0,23.287998911959864,23.287998911959864,31.53556747233508,23.28799891195986,34.19028362198524,0.3108745548726587,39.624993722212814,48.13256717351312,0.3018158543896112,33.0,119.0,16,49,"time__weekly_calendar_raw, time__annual_calendar_raw, time__month_boundary_indicators, time__day_type_indicators, time__holiday_indicators, time__intraday_settlement_period_cyclical, time__intraday_day_progress_cyclical, time__weekly_calendar_cyclical, time__monthly_calendar_cyclical, price__price_same_period_lags, price__price_neighbor_lags_1d, price__price_neighbor_lags_3d, price__price_rolling_same_period_3d, price__price_daily_summary_lag_7d, price__neighbor_prices_lag_24h, price__price_dst_imputation_indicator",cpu,AMD EPYC-Genoa Processor (8 vCPU),100,2726.3094137818553,2736.717448723037,27.263094137818552,7.10017972625792,no_penalty,,2684.0
hgbt_fs1_fix,hgbt,tree,fs1,72.0,28.727837118359247,28.727837118359247,37.398503139220956,28.72783711835925,40.87745899673867,0.014944586082247358,40.88489123569686,50.539386299356906,0.2302461684133159,0.0,5.0,0,5,,cpu,AMD EPYC-Genoa Processor (8 vCPU),100,671.0010997084901,678.2623317213729,6.7100109970849005,0.868724875152111,fixed,,2684.0
rf_fs1_np,rf,tree,fs1,27.0,26.169460763258588,26.169460763258588,33.6488415529139,26.169460763258584,36.68756923515799,0.20652955399163853,41.91342426022185,51.30509429254287,0.2067448292718831,15.0,31.0,7,15,"time__intraday_position_raw, time__intraday_position_dst_aware, time__weekly_calendar_raw, time__annual_calendar_raw, time__month_boundary_indicators, time__holiday_indicators, time__intraday_settlement_period_cyclical",cpu,AMD EPYC-Genoa Processor (8 vCPU),100,316.8884814498015,344.7370004099794,3.1688848144980146,0.5696313045918941,no_penalty,,2684.0
rf_fs1_wp,rf,tree,fs1,27.0,26.319138182613425,26.169460763258588,33.6488415529139,26.169460763258584,36.68756923515799,0.20652955399163853,41.91342426022185,51.30509429254287,0.2067448292718831,15.0,31.0,7,15,"time__intraday_position_raw, time__intraday_position_dst_aware, time__weekly_calendar_raw, time__annual_calendar_raw, time__month_boundary_indicators, time__holiday_indicators, time__intraday_settlement_period_cyclical",cpu,AMD EPYC-Genoa Processor (8 vCPU),100,315.9580386825837,343.9950733752921,3.159580386825837,0.6484947530552745,with_penalty,,2684.0
tabnet_fs2_np,tabnet,neural,fs2,,,20.529376792907716,,,,,42.210216852455744,52.140313388524255,0.18070707271657205,,,18,67,,cuda,NVIDIA GeForce RTX 4090,100,13882.915125846863,15044.512943267822,138.45942972660066,36.972153186798096,no_penalty,,2684.0
rf_fs1_fix,rf,tree,fs1,92.0,28.933622100693846,28.933622100693846,36.8523691506359,28.93362210069385,39.9389558553679,0.05965700753846792,42.39110587666473,52.44109789317168,0.17122721347852288,0.0,5.0,0,5,,cpu,AMD EPYC-Genoa Processor (8 vCPU),100,136.8770228587091,161.46394563885406,1.368770228587091,0.22763004153966904,fixed,,2684.0
lgbm_fs1_fix,lgbm,tree,fs1,76.0,28.207298833928196,28.207298833928196,36.906376740099816,28.207298833928196,40.50544922848109,0.032792210913128006,42.468972940796014,52.421361479186565,0.17185091990192558,0.0,5.0,0,5,,cpu,AMD EPYC-Genoa Processor (8 vCPU),100,221.6464943406172,226.35387509781867,2.216464943406172,0.4965841514058411,fixed,,2684.0
price_baseline_naive_d1,price_baseline_naive_d1,baseline,lag,-1.0,,,,,,,42.4843740633383,54.60828017927376,0.10131202670608874,0.0,0.0,0,0,,cpu,AMD EPYC-Genoa Processor (8 vCPU),0,0.0,0.0,0.0,0.0,,,2684.0
xgb_fs1_fix,xgb,tree,fs1,80.0,27.64856334646374,27.64856334646374,36.135916868769755,27.648563346463735,39.96580541844912,0.05839226315248758,44.22965925037185,54.26251085044688,0.11265664209408666,0.0,5.0,0,5,,cpu,AMD EPYC-Genoa Processor (8 vCPU),100,106.59312263177708,110.0228702663444,1.0659312263177707,0.10192418890073895,fixed,,2684.0
tabnet_fs1_np,tabnet,neural,fs1,,,22.772905540466308,,,,,44.55867192847234,54.33218153668972,0.11037655929057466,,,8,18,,cuda,NVIDIA GeForce RTX 4090,100,10141.57535147667,11563.837530612946,101.08539348840714,33.03600263595581,no_penalty,,2684.0
ridge_fs1_fix,ridge,linear,fs1,62.0,28.719139705538556,28.719139705538556,37.45424654924024,28.719139705538552,40.457931535031776,0.03506017861315769,45.08717828855782,55.5128953316445,0.07129092484476596,0.0,5.0,0,5,,cpu,AMD EPYC-Genoa Processor (8 vCPU),100,1.1689189258031547,2.2332977070473135,0.011689189258031547,0.0020953789353370667,fixed,,2684.0
hgbt_fs1_wp,hgbt,tree,fs1,80.0,26.36315436654679,26.276702753643566,33.70332828066913,26.276702753643566,37.080745332710805,0.18943137544504618,45.668273921869485,55.10921373233674,0.08474868609726671,15.0,31.0,4,10,"time__intraday_position_raw, time__holiday_indicators, time__intraday_settlement_period_cyclical, time__weekly_calendar_cyclical",cpu,AMD EPYC-Genoa Processor (8 vCPU),100,909.8147415346466,920.3646488329396,9.098147415346466,1.2217236179858446,with_penalty,,2684.0
enet_fs1_fix,enet,linear,fs1,85.0,28.551010930147687,28.551010930147687,37.53937175898339,28.551010930147687,40.611029679847675,0.02774344210530444,45.70584460612657,56.38878658039156,0.041753084906726246,0.0,5.0,0,5,,cpu,AMD EPYC-Genoa Processor (8 vCPU),100,29.523547968361527,36.17355537880212,0.29523547968361524,0.07852749992161989,fixed,,2684.0
catboost_fs1_fix,catboost,tree,fs1,38.0,29.154792114092167,29.154792114092167,38.15582718463784,29.15479211409217,41.6138199359826,-0.020864369879152633,46.02318413032878,56.28414515955556,0.04530624809554129,0.0,5.0,0,5,,cpu,AMD EPYC-Genoa Processor (8 vCPU),100,276.0168052348308,277.9450658960268,2.760168052348308,0.25781964883208275,fixed,,2684.0
climatology_how,climatology,baseline,hour_of_week,-1.0,,,,,,,46.26573063389463,55.730582436889776,0.06399300324882184,0.0,168.0,0,168,,cpu,AMD EPYC-Genoa Processor (8 vCPU),0,0.0026947627775371075,0.0026947627775371075,0.0,0.0026947627775371075,,,2684.0
lasso_fs1_fix,lasso,linear,fs1,30.0,28.591220835207345,28.591220835207345,37.63074263301657,28.591220835207345,40.63636433504695,0.026530004871099022,46.27340412718598,57.46886052103548,0.00469289640326187,0.0,5.0,0,5,,cpu,AMD EPYC-Genoa Processor (8 vCPU),100,23.770977035164833,30.082759908866137,0.23770977035164834,0.00953127583488822,fixed,,2684.0
lgbm_fs1_wp,lgbm,tree,fs1,98.0,25.780468678554197,25.696597710812263,32.95381287279449,25.696597710812267,36.420987317793475,0.2180188065345795,46.61461630132076,56.53150809877667,0.03689624943573633,15.0,31.0,4,6,"time__intraday_position_dst_aware, time__weekly_calendar_raw, time__month_boundary_indicators, time__auction_horizon",cpu,AMD EPYC-Genoa Processor (8 vCPU),100,362.4202427281998,369.9509097021073,3.624202427281998,0.8315693391487002,with_penalty,,2684.0
ridge_fs1_np,ridge,linear,fs1,35.0,27.861515934752692,27.861515934752692,36.52320672704511,27.86151593475269,39.76057255849494,0.06803814216948734,46.63287190430415,55.993467810986274,0.05514174469220867,15.0,31.0,7,14,"time__intraday_position_dst_aware, time__month_boundary_indicators, time__day_type_indicators, time__holiday_indicators, time__dst_indicators, time__weekly_calendar_cyclical, time__auction_horizon",cpu,AMD EPYC-Genoa Processor (8 vCPU),100,2.024129719939083,4.097217474132776,0.02024129719939083,0.0028594289906322956,no_penalty,,2684.0
lasso_fs1_np,lasso,linear,fs1,71.0,28.506833378493393,28.506833378493393,37.54061327522005,28.506833378493393,40.68532262162427,0.024182937973008856,46.95688914075871,57.856377159977896,-0.008775213276099203,15.0,31.0,5,9,"time__intraday_position_dst_aware, time__weekly_calendar_raw, time__intraday_day_progress_cyclical, time__minute_of_day_cyclical, time__weekly_calendar_cyclical",cpu,AMD EPYC-Genoa Processor (8 vCPU),100,195.83177534211427,205.34484538901597,1.9583177534211427,0.1941589368507266,no_penalty,,2684.0
lgbm_fs1_np,lgbm,tree,fs1,98.0,25.603698578273377,25.603698578273377,32.79052158632831,25.603698578273377,36.2988317745703,0.22325552044333985,46.976552384195955,57.230315269397614,0.012938510484495458,15.0,31.0,6,12,"time__intraday_position_raw, time__intraday_position_dst_aware, time__weekly_calendar_raw, time__month_boundary_indicators, time__minute_of_day_cyclical, time__auction_horizon",cpu,AMD EPYC-Genoa Processor (8 vCPU),100,367.1715711983852,374.3893318688497,3.671715711983852,1.19302842579782,no_penalty,,2684.0
lasso_fs1_wp,lasso,linear,fs1,91.0,28.668736511120613,28.499059091765776,37.49619879128024,28.499059091765776,40.59512663657149,0.028504753052337017,47.060052882848886,58.41024672595322,-0.028182038530670805,15.0,31.0,8,15,"time__intraday_position_dst_aware, time__weekly_calendar_raw, time__annual_calendar_raw, time__month_boundary_indicators, time__holiday_indicators, time__minute_of_day_cyclical, time__monthly_calendar_cyclical, time__annual_calendar_cyclical",cpu,AMD EPYC-Genoa Processor (8 vCPU),100,142.59137221938,151.66036839876324,1.4259137221937999,0.09174513211473823,with_penalty,,2684.0
enet_fs1_wp,enet,linear,fs1,94.0,28.38384244558946,28.278035993976555,37.179190750466276,28.278035993976555,40.215579180897954,0.04658597859470648,47.09286331899574,58.69717639545016,-0.03830836242142399,15.0,31.0,5,9,"time__intraday_position_dst_aware, time__annual_calendar_raw, time__month_boundary_indicators, time__weekly_calendar_cyclical, time__auction_horizon",cpu,AMD EPYC-Genoa Processor (8 vCPU),100,125.64668556535617,136.92121319379658,1.2564668556535616,0.006379537284374237,with_penalty,,2684.0
xgb_fs1_np,xgb,tree,fs1,75.0,26.38720106441476,26.38720106441476,32.7837991658109,26.387201064414764,36.14914169342942,0.22964862996796576,47.20051699712071,56.92621235229043,0.023400475601085935,15.0,31.0,5,8,"time__weekly_calendar_raw, time__month_boundary_indicators, time__intraday_day_progress_cyclical, time__minute_of_day_cyclical, time__auction_horizon",cpu,AMD EPYC-Genoa Processor (8 vCPU),100,251.12897792365402,255.98315122630447,2.5112897792365403,0.5419820952229202,no_penalty,,2684.0
catboost_fs1_wp,catboost,tree,fs1,84.0,26.14942836365315,26.0423315894596,33.55580475181172,26.042331589459597,36.85438498695436,0.19929744267284932,47.233221406456806,57.43852892125736,0.005743249224815061,15.0,31.0,5,11,"time__intraday_position_raw, time__weekly_calendar_raw, time__month_boundary_indicators, time__intraday_day_progress_cyclical, time__minute_of_day_cyclical",cpu,AMD EPYC-Genoa Processor (8 vCPU),100,495.5580858774483,498.4962600409053,4.955580858774483,0.25379042187705636,with_penalty,,2684.0
hgbt_fs1_np,hgbt,tree,fs1,68.0,26.219481116186483,26.219481116186483,33.69010252948609,26.219481116186486,37.01930038719328,0.19211546819210035,47.251147206391124,57.486083634489205,0.00409623046148111,15.0,31.0,8,16,"time__intraday_position_raw, time__weekly_calendar_raw, time__month_boundary_indicators, time__day_type_indicators, time__holiday_indicators, time__intraday_settlement_period_cyclical, time__weekly_calendar_cyclical, time__auction_horizon",cpu,AMD EPYC-Genoa Processor (8 vCPU),100,1805.321428636089,1817.3927431949414,18.05321428636089,4.318912986200303,no_penalty,,2684.0
catboost_fs1_np,catboost,tree,fs1,81.0,26.03342520091453,26.03342520091453,33.5522390373819,26.033425200914532,36.85444938614051,0.1992946443823279,47.2829512791321,57.54445639886084,0.0020726738870420203,15.0,31.0,5,11,"time__intraday_position_raw, time__weekly_calendar_raw, time__month_boundary_indicators, time__intraday_day_progress_cyclical, time__minute_of_day_cyclical",cpu,AMD EPYC-Genoa Processor (8 vCPU),100,530.066441506613,532.742001938168,5.30066441506613,0.5509324669837952,no_penalty,,2684.0
price_baseline_naive_epf_hybrid,price_baseline_naive_epf_hybrid,baseline,lag,-1.0,,,,,,,47.30111772839046,60.20368780844938,-0.09229041187931553,0.0,0.0,0,0,,cpu,AMD EPYC-Genoa Processor (8 vCPU),0,0.0,0.0,0.0,0.0,,,2684.0
xgb_fs1_wp,xgb,tree,fs1,96.0,26.386780112892836,26.302909145150903,32.8379249734974,26.302909145150903,36.15495074948563,0.22940102387596095,47.51536977146645,57.36839106163811,0.00816992919696835,15.0,31.0,4,6,"time__intraday_position_dst_aware, time__weekly_calendar_raw, time__month_boundary_indicators, time__auction_horizon",cpu,AMD EPYC-Genoa Processor (8 vCPU),100,228.94674690859392,233.55130083067343,2.289467469085939,0.4778041820973158,with_penalty,,2684.0
enet_fs1_np,enet,linear,fs1,88.0,28.338573961121618,28.338573961121618,37.3079187423808,28.338573961121618,40.52924798464684,0.0316553216834804,47.84541906183616,59.33180120422501,-0.060881795936039484,15.0,31.0,7,15,"time__intraday_position_raw, time__intraday_position_dst_aware, time__month_boundary_indicators, time__minute_of_day_cyclical, time__weekly_calendar_cyclical, time__annual_calendar_cyclical, time__auction_horizon",cpu,AMD EPYC-Genoa Processor (8 vCPU),100,101.16244613565505,111.94212703406811,1.0116244613565504,0.07714511780068278,no_penalty,,2684.0
ridge_fs1_wp,ridge,linear,fs1,91.0,27.90531493378574,27.842089127334127,36.47079523983042,27.842089127334127,39.694085498546684,0.0711523627537971,48.544345496350296,59.907546601168875,-0.08157091494777169,15.0,31.0,3,5,"time__intraday_position_dst_aware, time__weekly_calendar_raw, time__month_boundary_indicators",cpu,AMD EPYC-Genoa Processor (8 vCPU),100,2.022724725306034,3.9132846794091165,0.02022724725306034,0.0021900017745792866,with_penalty,,2684.0
price_baseline_naive_w1,price_baseline_naive_w1,baseline,lag,-1.0,,,,,,,54.07918037406856,67.5970870311044,-0.3770442429807723,0.0,0.0,0,0,,cpu,AMD EPYC-Genoa Processor (8 vCPU),0,0.0,0.0,0.0,0.0,,,2684.0
